MJD,m,dm,F,source_name
61177.460954,-18.335,0.05,c,152942.19+350851.3
61177.491096,-18.511,0.055,c,152942.19+350851.3
61177.494266,-18.428,0.061,c,152942.19+350851.3
61177.501809,-18.309,0.031,c,152942.19+350851.3
61181.414784,-18.445,0.058,c,152942.19+350851.3
61181.41802,-18.463,0.069,c,152942.19+350851.3
61181.425134,-18.597,0.073,c,152942.19+350851.3
61181.458172,-18.58,0.078,c,152942.19+350851.3
61182.479605,-18.457,0.081,c,152942.19+350851.3
61182.483501,-18.499,0.088,c,152942.19+350851.3
61182.514095,-18.804,0.117,c,152942.19+350851.3
61182.541783,-18.335,0.074,c,152942.19+350851.3
61183.578138,-18.244,0.076,c,152942.19+350851.3
61183.581853,-18.31,0.084,c,152942.19+350851.3
61183.598218,-18.456,0.101,c,152942.19+350851.3
61183.611303,-18.72,0.192,c,152942.19+350851.3
61184.443284,-18.782,0.102,o,152942.19+350851.3
61184.446463,-19.145,0.197,o,152942.19+350851.3
61184.452014,-18.817,0.097,o,152942.19+350851.3
61184.473931,-18.658,0.095,o,152942.19+350851.3
61184.619998,-20.591,5.588,c,152942.19+350851.3
61185.418747,-19.183,0.159,o,152942.19+350851.3
61185.424776,-18.59,0.09,o,152942.19+350851.3
61185.444925,-18.694,0.119,o,152942.19+350851.3
61185.448155,-18.685,0.122,o,152942.19+350851.3
61186.401909,-19.031,0.191,o,152942.19+350851.3
61186.406045,-18.975,0.19,o,152942.19+350851.3
61186.414404,-19.189,0.199,o,152942.19+350851.3
61186.449294,-18.701,0.115,o,152942.19+350851.3
61187.395295,-18.796,0.139,o,152942.19+350851.3
61187.400937,-18.583,0.108,o,152942.19+350851.3
61187.409403,-18.702,0.143,o,152942.19+350851.3
61187.412643,-18.59,0.116,o,152942.19+350851.3
61188.395511,-19.076,0.258,o,152942.19+350851.3
61188.429791,-18.564,0.189,o,152942.19+350851.3
61188.432954,-19.26,0.266,o,152942.19+350851.3
61188.439317,-18.586,0.187,o,152942.19+350851.3
61189.415614,-19.126,0.32,o,152942.19+350851.3
61189.418846,-18.393,0.166,o,152942.19+350851.3
61189.425424,-19.403,0.387,o,152942.19+350851.3
61189.435377,-18.589,0.195,o,152942.19+350851.3
61192.403568,-19.092,0.227,o,152942.19+350851.3
61192.41064,-19.005,0.245,o,152942.19+350851.3
61192.413535,-18.857,0.202,o,152942.19+350851.3
61192.42367,-18.686,0.191,o,152942.19+350851.3
61194.526725,-19.179,0.302,o,152942.19+350851.3
61194.529903,-19.07,0.354,o,152942.19+350851.3
61194.535429,-19.001,0.383,o,152942.19+350851.3
61194.546123,-19.164,1.26,o,152942.19+350851.3
61195.394252,-19.032,0.144,o,152942.19+350851.3
61195.397868,-18.68,0.101,o,152942.19+350851.3
61195.404664,-18.519,0.128,o,152942.19+350851.3
61195.414618,-18.553,0.109,o,152942.19+350851.3
61196.288321,-19.126,0.142,o,152942.19+350851.3
61196.323654,-18.516,0.094,o,152942.19+350851.3
61196.334393,-18.612,0.089,o,152942.19+350851.3
61196.337615,-19.302,0.192,o,152942.19+350851.3
61197.372281,-18.609,0.103,c,152942.19+350851.3
61197.37549,-18.618,0.065,c,152942.19+350851.3
61197.382366,-18.54,0.055,c,152942.19+350851.3
61197.394734,-18.54,0.086,c,152942.19+350851.3
61199.375791,-18.403,0.07,o,152942.19+350851.3
61199.378958,-18.721,0.111,o,152942.19+350851.3
61199.380805,-18.552,0.1,o,152942.19+350851.3
61199.391561,-18.976,0.136,o,152942.19+350851.3
61199.392083,-18.738,0.114,o,152942.19+350851.3
61199.402113,-18.628,0.18,o,152942.19+350851.3
61200.393242,-18.658,0.087,o,152942.19+350851.3
61200.396422,-18.87,0.109,o,152942.19+350851.3
61200.410023,-18.827,0.147,o,152942.19+350851.3
61200.415488,-18.427,0.084,o,152942.19+350851.3
61204.370723,-18.57,0.056,c,152942.19+350851.3
61204.373921,-18.718,0.101,c,152942.19+350851.3
61204.380318,-18.75,0.074,c,152942.19+350851.3
61204.39016,-18.571,0.081,c,152942.19+350851.3
61205.400524,-19.298,0.154,o,152942.19+350851.3
61205.416583,-18.874,0.08,o,152942.19+350851.3
61205.431872,-19.081,0.092,o,152942.19+350851.3
61177.250684,-19.973,0.469,c,075005.28+292944.3
61177.253942,20.674,0.649,c,075005.28+292944.3
61177.261655,-20.451,0.662,c,075005.28+292944.3
61177.271792,-19.892,0.329,c,075005.28+292944.3
61182.246356,19.853,1.5,o,075005.28+292944.3
61182.249531,18.697,0.411,o,075005.28+292944.3
61182.256863,-19.754,0.598,o,075005.28+292944.3
61182.266743,-21.377,2.724,o,075005.28+292944.3
61186.242047,-18.719,0.503,o,075005.28+292944.3
61186.244799,-19.267,0.578,o,075005.28+292944.3
61186.249853,21.079,1.969,o,075005.28+292944.3
61186.260902,-20.391,0.957,o,075005.28+292944.3
61187.24675,18.505,0.571,o,075005.28+292944.3
61187.249917,-18.148,0.2,o,075005.28+292944.3
61187.255368,-20.619,1.513,o,075005.28+292944.3
61187.266317,20.953,1.794,o,075005.28+292944.3
61188.247062,20.47,4.65,o,075005.28+292944.3
61188.25023,-19.684,1.445,o,075005.28+292944.3
61188.255683,21.292,3.85,o,075005.28+292944.3
61176.989995,21.452,0.747,c,095919.14+090659.4
61176.993191,-22.705,2.889,c,095919.14+090659.4
61176.998675,21.696,1.348,c,095919.14+090659.4
61177.021093,21.314,0.902,c,095919.14+090659.4
61180.001143,21.846,1.431,c,095919.14+090659.4
61180.005367,21.694,1.119,c,095919.14+090659.4
61180.012204,21.777,1.459,c,095919.14+090659.4
61180.027722,20.703,0.575,c,095919.14+090659.4
61184.753507,-16.635,0.472,o,095919.14+090659.4
61184.756666,-16.528,1.159,o,095919.14+090659.4
61189.029301,24.006,25.857,o,095919.14+090659.4
61189.032527,-21.57,3.204,o,095919.14+090659.4
61189.041285,-21.74,3.708,o,095919.14+090659.4
61189.05859,-19.521,0.562,o,095919.14+090659.4
61190.266555,-20.682,0.93,o,095919.14+090659.4
61190.269385,20.832,1.195,o,095919.14+090659.4
61190.274897,20.778,1.106,o,095919.14+090659.4
61190.291473,22.653,6.269,o,095919.14+090659.4
61190.763854,-19.778,0.668,o,095919.14+090659.4
61190.767916,20.829,1.873,o,095919.14+090659.4
61190.779377,-21.518,3.45,o,095919.14+090659.4
61190.7848,18.906,0.357,o,095919.14+090659.4
61191.999022,-18.285,0.782,o,095919.14+090659.4
61192.00219,-17.743,0.733,o,095919.14+090659.4
61192.014682,-17.735,1.334,o,095919.14+090659.4
61192.02058,-18.949,3.057,o,095919.14+090659.4
61195.009302,20.432,3.838,o,095919.14+090659.4
61195.01249,18.022,0.615,o,095919.14+090659.4
61195.017996,-19.31,1.676,o,095919.14+090659.4
61195.035399,-20.76,5.85,o,095919.14+090659.4
61196.741044,-20.834,0.698,c,095919.14+090659.4
61196.744214,-20.798,0.64,c,095919.14+090659.4
61196.75161,-20.887,0.637,c,095919.14+090659.4
61177.41623,20.285,0.343,c,150348.33+193941.3
61177.447625,21.563,1.017,c,150348.33+193941.3
61177.450399,20.569,0.418,c,150348.33+193941.3
61177.456372,20.954,0.598,c,150348.33+193941.3
61180.426817,21.424,1.015,c,150348.33+193941.3
61180.430037,20.719,0.592,c,150348.33+193941.3
61180.451274,22.441,2.5,c,150348.33+193941.3
61180.45727,24.792,22.667,c,150348.33+193941.3
61181.401596,20.718,0.508,c,150348.33+193941.3
61181.404768,21.203,0.848,c,150348.33+193941.3
61181.41183,-25.094,29.5,c,150348.33+193941.3
61181.423212,21.387,1.0,c,150348.33+193941.3
61182.398767,21.512,1.565,o,150348.33+193941.3
61182.401949,-21.386,1.56,o,150348.33+193941.3
61182.407755,21.938,2.704,o,150348.33+193941.3
61182.423425,-20.591,0.674,o,150348.33+193941.3
61183.574419,19.832,0.395,c,150348.33+193941.3
61183.57908,20.988,1.226,c,150348.33+193941.3
61183.584214,20.784,1.043,c,150348.33+193941.3
61183.598705,-22.27,5.071,c,150348.33+193941.3
61186.381993,-21.483,2.027,o,150348.33+193941.3
61186.38513,-19.918,0.498,o,150348.33+193941.3
61186.388192,22.68,5.174,o,150348.33+193941.3
61186.391464,22.519,4.429,o,150348.33+193941.3
61186.397247,-20.256,0.46,o,150348.33+193941.3
61186.411064,20.158,0.447,o,150348.33+193941.3
61186.416092,-21.983,2.681,o,150348.33+193941.3
61186.422997,20.988,1.367,o,150348.33+193941.3
61187.388474,-24.362,34.4,o,150348.33+193941.3
61187.391665,20.684,1.006,o,150348.33+193941.3
61187.398136,21.623,2.818,o,150348.33+193941.3
61187.408497,-20.8,1.179,o,150348.33+193941.3
61188.390436,22.726,8.75,o,150348.33+193941.3
61188.393604,-22.226,5.656,o,150348.33+193941.3
61188.427137,20.379,1.146,o,150348.33+193941.3
61188.432502,21.056,1.583,o,150348.33+193941.3
61189.114683,20.934,2.163,o,150348.33+193941.3
61189.116489,-20.497,2.14,o,150348.33+193941.3
61189.123728,-20.407,1.263,o,150348.33+193941.3
61189.136443,20.129,0.91,o,150348.33+193941.3
61191.400404,-19.382,3.26,o,150348.33+193941.3
61191.40369,-21.208,24.465,o,150348.33+193941.3
61191.41383,19.193,1.358,o,150348.33+193941.3
61191.419558,17.732,1.929,o,150348.33+193941.3
61192.387851,-21.092,1.609,o,150348.33+193941.3
61192.390591,-20.446,0.73,o,150348.33+193941.3
61192.396219,19.464,0.322,o,150348.33+193941.3
61192.401301,-20.986,1.192,o,150348.33+193941.3
61192.404289,-22.303,4.467,o,150348.33+193941.3
61192.406435,22.031,3.513,o,150348.33+193941.3
61192.409525,-20.38,0.624,o,150348.33+193941.3
61192.420099,-23.511,12.846,o,150348.33+193941.3
61194.504594,-20.978,1.288,o,150348.33+193941.3
61194.507767,-24.3,42.0,o,150348.33+193941.3
61194.51339,20.472,1.12,o,150348.33+193941.3
61194.524371,-20.139,0.97,o,150348.33+193941.3
61195.377125,-19.855,0.388,o,150348.33+193941.3
61195.380768,-20.526,0.659,o,150348.33+193941.3
61195.386698,-21.76,2.345,o,150348.33+193941.3
61195.398323,-20.171,0.528,o,150348.33+193941.3
61197.410897,-19.97,0.329,o,150348.33+193941.3
61197.414631,-20.298,0.453,o,150348.33+193941.3
61197.438327,21.861,2.061,o,150348.33+193941.3
61197.456001,21.439,1.609,o,150348.33+193941.3
61198.372638,-20.67,0.768,o,150348.33+193941.3
61198.376798,-21.476,1.31,o,150348.33+193941.3
61198.383039,-21.721,1.765,o,150348.33+193941.3
61198.393254,-22.771,5.077,o,150348.33+193941.3
61199.366701,-24.426,20.0,o,150348.33+193941.3
61199.369893,-20.106,0.373,o,150348.33+193941.3
61199.375336,-22.426,3.031,o,150348.33+193941.3
61199.386234,-21.565,1.367,o,150348.33+193941.3
61200.380219,21.202,0.895,o,150348.33+193941.3
61200.383471,-21.345,1.152,o,150348.33+193941.3
61200.388716,22.199,3.056,o,150348.33+193941.3
61200.400236,22.27,2.808,o,150348.33+193941.3
61203.381509,20.888,0.68,o,150348.33+193941.3
61203.385182,-22.906,4.789,o,150348.33+193941.3
61203.390685,21.477,1.348,o,150348.33+193941.3
61203.404983,22.747,4.682,o,150348.33+193941.3
61204.360314,23.111,3.545,c,150348.33+193941.3
61204.371636,21.216,0.783,c,150348.33+193941.3
61204.374835,21.83,1.229,c,150348.33+193941.3
61204.381689,22.033,1.5,c,150348.33+193941.3
61205.377866,20.796,0.695,o,150348.33+193941.3
61205.381118,24.815,25.5,o,150348.33+193941.3
61205.386224,-21.175,0.784,o,150348.33+193941.3
61176.985426,23.686,7.5,c,092158.92+034235.7
61176.988615,20.24,0.404,c,092158.92+034235.7
61177.005969,20.34,0.526,c,092158.92+034235.7
61177.01283,21.739,1.545,c,092158.92+034235.7
61179.987933,20.272,0.452,c,092158.92+034235.7
61179.991597,21.547,1.561,c,092158.92+034235.7
61179.997051,19.344,0.166,c,092158.92+034235.7
61180.007224,20.574,0.542,c,092158.92+034235.7
61182.983083,20.047,0.649,o,092158.92+034235.7
61182.986267,19.093,0.396,o,092158.92+034235.7
61182.996335,19.176,0.841,o,092158.92+034235.7
61183.076043,19.506,1.028,o,092158.92+034235.7
61184.728123,-19.632,1.723,o,092158.92+034235.7
61184.732184,19.435,1.411,o,092158.92+034235.7
61184.73805,19.987,2.836,o,092158.92+034235.7
61184.752154,-17.934,0.95,o,092158.92+034235.7
61188.96352,20.748,1.451,o,092158.92+034235.7
61188.966703,20.329,0.807,o,092158.92+034235.7
61188.978637,20.444,1.013,o,092158.92+034235.7
61188.984107,20.203,0.741,o,092158.92+034235.7
61190.244269,-22.018,4.667,o,092158.92+034235.7
61190.24702,19.642,0.484,o,092158.92+034235.7
61190.253528,19.589,0.401,o,092158.92+034235.7
61190.264697,-21.779,2.917,o,092158.92+034235.7
61190.720391,20.829,1.405,o,092158.92+034235.7
61190.723549,20.993,1.62,o,092158.92+034235.7
61190.740886,21.28,2.362,o,092158.92+034235.7
61190.747232,19.652,0.545,o,092158.92+034235.7
61191.97876,20.006,2.806,o,092158.92+034235.7
61191.981933,18.894,0.846,o,092158.92+034235.7
61191.996315,19.275,1.814,o,092158.92+034235.7
61192.003553,18.713,1.565,o,092158.92+034235.7
61194.963826,-19.666,6.2,o,092158.92+034235.7
61194.967006,17.517,0.926,o,092158.92+034235.7
61194.974763,-17.708,0.883,o,092158.92+034235.7
61194.991324,-17.655,0.669,o,092158.92+034235.7
61196.717462,20.938,0.785,c,092158.92+034235.7
61196.721074,21.314,0.983,c,092158.92+034235.7
61196.736966,21.266,1.182,c,092158.92+034235.7
61196.742401,22.64,4.125,c,092158.92+034235.7
61197.9631,17.649,1.221,o,092158.92+034235.7
61177.422342,-23.702,7.222,c,164331.90+304835.5
61177.42521,21.35,0.803,c,164331.90+304835.5
61177.43134,-21.112,0.613,c,164331.90+304835.5
61177.43678,23.918,9.857,c,164331.90+304835.5
61181.439998,-21.659,1.42,c,164331.90+304835.5
61181.442824,21.678,1.22,c,164331.90+304835.5
61181.445995,21.299,0.962,c,164331.90+304835.5
61181.451505,-20.741,0.448,c,164331.90+304835.5
61182.415395,-23.314,7.333,o,164331.90+304835.5
61182.417349,-20.74,0.629,o,164331.90+304835.5
61182.419303,21.875,2.364,o,164331.90+304835.5
61182.421272,-20.222,0.378,o,164331.90+304835.5
61183.416596,22.037,2.405,o,164331.90+304835.5
61183.418404,-19.92,0.33,o,164331.90+304835.5
61183.421573,22.055,2.429,o,164331.90+304835.5
61183.445314,-20.055,0.362,o,164331.90+304835.5
61186.426047,-22.096,3.256,o,164331.90+304835.5
61186.429244,-20.203,0.474,o,164331.90+304835.5
61186.436291,22.623,4.625,o,164331.90+304835.5
61186.45843,20.618,0.75,o,164331.90+304835.5
61187.467151,22.075,3.395,o,164331.90+304835.5
61187.470329,22.672,5.308,o,164331.90+304835.5
61187.502977,20.862,0.871,o,164331.90+304835.5
61187.531252,20.872,1.061,o,164331.90+304835.5
61188.39841,21.032,1.829,o,164331.90+304835.5
61188.401142,-20.386,1.011,o,164331.90+304835.5
61188.404314,20.672,1.16,o,164331.90+304835.5
61188.418133,-20.362,0.779,o,164331.90+304835.5
61189.439005,-21.917,3.633,o,164331.90+304835.5
61189.443026,25.608,117.5,o,164331.90+304835.5
61189.473784,-23.215,12.389,o,164331.90+304835.5
61189.479759,-19.658,0.514,o,164331.90+304835.5
61192.485502,-21.268,1.476,o,164331.90+304835.5
61192.515168,-21.429,2.215,o,164331.90+304835.5
61192.518963,-21.179,1.839,o,164331.90+304835.5
61192.547592,22.253,4.758,o,164331.90+304835.5
61194.522524,20.531,0.882,o,164331.90+304835.5
61194.525797,19.783,0.498,o,164331.90+304835.5
61194.532205,-21.505,2.158,o,164331.90+304835.5
61194.542431,19.806,0.837,o,164331.90+304835.5
61194.563993,-18.53,7.593,o,164331.90+304835.5
61194.567281,21.917,4.642,o,164331.90+304835.5
61195.450163,-17.679,0.004,o,164331.90+304835.5
61195.451518,20.584,0.734,o,164331.90+304835.5
61195.453338,-19.542,0.44,o,164331.90+304835.5
61195.4547,-21.005,0.993,o,164331.90+304835.5
61195.488945,20.483,0.713,o,164331.90+304835.5
61195.491037,-20.518,0.878,o,164331.90+304835.5
61195.494408,20.25,0.668,o,164331.90+304835.5
61199.425839,-19.753,0.307,o,164331.90+304835.5
61199.429262,-19.785,0.331,o,164331.90+304835.5
61199.462504,22.255,3.437,o,164331.90+304835.5
61199.467855,20.945,0.95,o,164331.90+304835.5
61200.418762,-20.752,0.747,o,164331.90+304835.5
61200.42234,-20.069,0.362,o,164331.90+304835.5
61200.428334,-20.133,0.353,o,164331.90+304835.5
61200.461744,-22.375,4.25,o,164331.90+304835.5
61204.398874,-21.749,1.171,c,164331.90+304835.5
61204.40788,-22.086,1.621,c,164331.90+304835.5
61204.414836,20.558,0.367,c,164331.90+304835.5
61204.418338,-21.439,0.98,c,164331.90+304835.5
61205.407889,-23.18,5.389,o,164331.90+304835.5
61205.418048,-19.731,0.221,o,164331.90+304835.5
61205.421234,-20.135,0.267,o,164331.90+304835.5
61181.241797,20.492,1.26,o,083325.69+391204.7
61181.246869,-20.333,0.626,o,083325.69+391204.7
61181.251957,-21.353,1.68,o,083325.69+391204.7
61181.264388,-20.183,0.526,o,083325.69+391204.7
61182.242578,-20.28,1.152,o,083325.69+391204.7
61182.247682,-20.512,0.904,o,083325.69+391204.7
61182.251404,-20.558,0.799,o,083325.69+391204.7
61182.262018,-20.617,0.633,o,083325.69+391204.7
61187.242869,-20.212,1.308,o,083325.69+391204.7
61187.247937,19.84,0.565,o,083325.69+391204.7
61187.251137,-22.391,4.516,o,083325.69+391204.7
61187.260779,21.683,2.291,o,083325.69+391204.7
61189.275024,-19.666,0.651,o,083325.69+391204.7
61189.278212,-19.019,0.259,o,083325.69+391204.7
61189.297962,-19.024,0.338,o,083325.69+391204.7
61185.125355,-23.644,15.333,o,001255.59+014750.9
61185.128516,21.013,1.314,o,001255.59+014750.9
61185.135798,20.021,0.837,o,001255.59+014750.9
61185.155077,20.079,0.882,o,001255.59+014750.9
61191.145422,19.809,0.675,o,001255.59+014750.9
61191.149281,19.299,0.425,o,001255.59+014750.9
61191.154728,-20.601,1.312,o,001255.59+014750.9
61191.17172,-21.504,2.87,o,001255.59+014750.9
61191.591365,19.835,1.221,o,001255.59+014750.9
61191.608616,20.716,2.541,o,001255.59+014750.9
61195.390397,-17.551,0.817,o,001255.59+014750.9
61195.393559,18.857,0.955,o,001255.59+014750.9
61195.404693,18.305,1.5,o,001255.59+014750.9
61195.409806,17.247,0.379,o,001255.59+014750.9
61197.08949,-20.95,1.5,o,001255.59+014750.9
61197.092649,20.331,0.897,o,001255.59+014750.9
61197.098101,20.605,0.948,o,001255.59+014750.9
61197.118421,20.828,1.205,o,001255.59+014750.9
61177.227626,20.867,0.508,c,154535.87+014958.1
61177.255774,21.331,0.771,c,154535.87+014958.1
61177.258978,-22.137,1.711,c,154535.87+014958.1
61177.26441,20.626,0.377,c,154535.87+014958.1
61180.161215,-21.901,1.313,c,154535.87+014958.1
61180.163067,21.833,1.6,c,154535.87+014958.1
61180.165806,-21.88,1.794,c,154535.87+014958.1
61180.191652,-22.921,6.462,c,154535.87+014958.1
61183.216725,18.487,2.383,c,154535.87+014958.1
61183.225438,-21.161,1.479,c,154535.87+014958.1
61183.228596,21.207,1.191,c,154535.87+014958.1
61183.238596,22.879,4.0,c,154535.87+014958.1
61184.364829,20.833,0.77,o,154535.87+014958.1
61184.367581,20.113,0.467,o,154535.87+014958.1
61184.370345,20.151,0.434,o,154535.87+014958.1
61184.405118,-21.015,0.829,o,154535.87+014958.1
61184.881592,17.478,5.865,o,154535.87+014958.1
61184.88706,15.618,0.65,o,154535.87+014958.1
61184.889315,-17.402,9.472,o,154535.87+014958.1
61184.919143,-19.445,0.432,o,154535.87+014958.1
61186.424362,21.697,2.176,o,154535.87+014958.1
61186.42849,-20.695,0.78,o,154535.87+014958.1
61186.434184,19.702,0.368,o,154535.87+014958.1
61186.46866,23.445,12.0,o,154535.87+014958.1
61192.441478,22.483,11.533,o,154535.87+014958.1
61192.444708,-19.614,0.737,o,154535.87+014958.1
61192.45203,20.309,1.516,o,154535.87+014958.1
61192.462625,-20.323,1.606,o,154535.87+014958.1
61195.185737,-15.645,1.552,o,154535.87+014958.1
61195.188923,-17.678,0.624,o,154535.87+014958.1
61195.194392,-18.808,1.092,o,154535.87+014958.1
61195.21734,20.247,2.99,o,154535.87+014958.1
61196.418171,22.053,3.6,o,154535.87+014958.1
61196.420912,-21.572,1.87,o,154535.87+014958.1
61196.428017,21.919,2.179,o,154535.87+014958.1
61196.442221,21.325,1.366,o,154535.87+014958.1
61196.929756,20.091,0.417,o,154535.87+014958.1
61196.93293,-21.424,1.466,o,154535.87+014958.1
61196.939383,-23.441,9.727,o,154535.87+014958.1
61196.949365,21.208,1.144,o,154535.87+014958.1
61198.224334,20.479,0.847,o,154535.87+014958.1
61198.244324,22.815,8.19,o,154535.87+014958.1
61198.249467,20.422,0.792,o,154535.87+014958.1
61198.252255,20.93,1.097,o,154535.87+014958.1
61202.374016,22.822,3.125,c,154535.87+014958.1
61202.376876,-22.075,1.676,c,154535.87+014958.1
61202.385103,-21.836,1.116,c,154535.87+014958.1
61202.419494,24.026,9.8,c,154535.87+014958.1
61204.180211,-18.824,0.429,o,154535.87+014958.1
61204.191635,-20.332,1.907,o,154535.87+014958.1
61204.194796,-19.346,0.965,o,154535.87+014958.1
61181.256096,19.446,0.188,o,093856.54+435415.0
61181.258837,20.055,0.37,o,093856.54+435415.0
61181.265758,20.946,0.771,o,093856.54+435415.0
61181.275821,20.34,0.42,o,093856.54+435415.0
61182.253706,20.069,0.408,o,093856.54+435415.0
61182.256472,19.677,0.296,o,093856.54+435415.0
61182.263856,20.102,0.484,o,093856.54+435415.0
61182.279886,21.405,1.442,o,093856.54+435415.0
61184.252466,19.765,0.642,o,093856.54+435415.0
61184.255671,20.151,0.79,o,093856.54+435415.0
61184.261169,20.717,1.101,o,093856.54+435415.0
61184.27955,20.216,0.69,o,093856.54+435415.0
61185.248255,19.839,0.53,o,093856.54+435415.0
61185.253388,20.764,1.038,o,093856.54+435415.0
61185.256645,19.972,0.523,o,093856.54+435415.0
61185.271344,20.343,0.568,o,093856.54+435415.0
61187.259409,21.285,1.576,o,093856.54+435415.0
61187.262614,20.748,0.838,o,093856.54+435415.0
61187.269962,19.486,0.32,o,093856.54+435415.0
61187.27961,19.048,0.202,o,093856.54+435415.0
61188.244032,20.846,1.566,o,093856.54+435415.0
61188.2468,20.636,1.128,o,093856.54+435415.0
61188.253312,19.434,0.311,o,093856.54+435415.0
61188.264334,20.216,0.619,o,093856.54+435415.0
61190.269297,20.891,1.574,o,093856.54+435415.0
61190.272486,-21.451,2.59,o,093856.54+435415.0
61190.288534,20.271,0.819,o,093856.54+435415.0
61190.293667,21.46,3.051,o,093856.54+435415.0
61191.246452,-20.041,2.123,o,093856.54+435415.0
61191.249695,-17.331,0.817,o,093856.54+435415.0
61191.256569,18.02,0.658,o,093856.54+435415.0
61191.270366,20.853,9.023,o,093856.54+435415.0
61200.247662,-24.086,33.75,c,093856.54+435415.0
61200.251356,21.086,1.439,c,093856.54+435415.0
61200.258242,-21.675,1.462,c,093856.54+435415.0
61200.273402,21.016,0.784,c,093856.54+435415.0
61181.408214,20.791,0.636,o,172052.29+590153.7
61181.411888,20.688,0.568,o,172052.29+590153.7
61181.418411,20.172,0.371,o,172052.29+590153.7
61181.428492,20.172,0.441,o,172052.29+590153.7
61182.446756,21.354,0.945,o,172052.29+590153.7
61182.449039,-22.584,3.174,o,172052.29+590153.7
61182.45178,22.534,2.917,o,172052.29+590153.7
61182.456811,20.02,0.319,o,172052.29+590153.7
61184.528004,20.698,0.631,c,172052.29+590153.7
61184.56337,21.416,1.108,c,172052.29+590153.7
61184.566169,21.198,0.862,c,172052.29+590153.7
61184.594483,19.768,0.214,c,172052.29+590153.7
61185.438246,20.964,0.802,o,172052.29+590153.7
61185.439617,22.328,3.4,o,172052.29+590153.7
61185.454693,20.825,0.853,o,172052.29+590153.7
61185.460722,-21.538,1.821,o,172052.29+590153.7
61187.449347,21.655,2.0,o,172052.29+590153.7
61187.450717,19.906,0.424,o,172052.29+590153.7
61187.453458,21.35,1.556,o,172052.29+590153.7
61187.458483,20.28,0.484,o,172052.29+590153.7
61187.48143,-24.829,37.667,o,172052.29+590153.7
61187.509274,21.35,1.58,o,172052.29+590153.7
61187.538172,20.208,0.507,o,172052.29+590153.7
61187.563111,20.501,0.468,o,172052.29+590153.7
61188.430153,20.771,0.883,o,172052.29+590153.7
61188.432966,20.0,0.505,o,172052.29+590153.7
61188.448815,20.686,1.028,o,172052.29+590153.7
61188.453856,20.264,0.576,o,172052.29+590153.7
61190.427715,22.368,5.237,o,172052.29+590153.7
61190.429532,19.852,0.536,o,172052.29+590153.7
61190.432301,21.826,3.177,o,172052.29+590153.7
61190.440069,21.557,2.688,o,172052.29+590153.7
61191.425552,17.525,8.11,o,172052.29+590153.7
61191.428305,14.631,3.814,o,172052.29+590153.7
61191.431047,18.54,17.5,o,172052.29+590153.7
61191.440647,-18.17,0.712,o,172052.29+590153.7
61196.406273,-21.269,1.292,o,172052.29+590153.7
61196.408081,-20.655,0.649,o,172052.29+590153.7
61196.409903,20.771,0.846,o,172052.29+590153.7
61196.439972,20.437,0.489,o,172052.29+590153.7
61196.445067,21.802,1.776,o,172052.29+590153.7
61196.446929,21.156,0.844,o,172052.29+590153.7
61196.449662,20.563,0.59,o,172052.29+590153.7
61196.465532,-21.825,2.033,o,172052.29+590153.7
61197.410452,20.932,0.837,o,172052.29+590153.7
61197.413194,-20.944,0.821,o,172052.29+590153.7
61197.415984,19.937,0.354,o,172052.29+590153.7
61197.423444,19.839,0.347,o,172052.29+590153.7
61197.435959,20.448,0.554,o,172052.29+590153.7
61197.456593,20.889,0.746,o,172052.29+590153.7
61197.469217,20.295,0.436,o,172052.29+590153.7
61197.471958,21.061,0.949,o,172052.29+590153.7
61200.409547,21.489,2.333,c,172052.29+590153.7
61200.411374,21.361,2.074,c,172052.29+590153.7
61200.414115,20.276,2.222,c,172052.29+590153.7
61200.419226,-21.803,3.333,c,172052.29+590153.7
61202.496335,21.063,0.779,o,172052.29+590153.7
61202.50147,-22.906,5.263,o,172052.29+590153.7
61202.504692,22.281,2.675,o,172052.29+590153.7
61202.515089,22.985,5.7,o,172052.29+590153.7
61205.413137,22.136,2.0,c,172052.29+590153.7
61205.414509,20.737,0.523,c,172052.29+590153.7
61205.421024,22.381,2.706,c,172052.29+590153.7
61205.430738,20.423,0.396,c,172052.29+590153.7
61206.40126,22.178,1.88,c,172052.29+590153.7
61206.403545,20.8,0.435,c,172052.29+590153.7
61206.408663,20.611,0.374,c,172052.29+590153.7
61206.418754,20.558,0.388,c,172052.29+590153.7
61177.393792,-22.702,2.826,c,205601.38-062049.7
61177.395606,21.68,1.153,c,205601.38-062049.7
61177.405312,-22.535,2.654,c,205601.38-062049.7
61177.425436,-20.98,0.556,c,205601.38-062049.7
61180.339578,-21.288,0.847,c,205601.38-062049.7
61180.342387,-21.231,0.724,c,205601.38-062049.7
61180.345618,21.326,0.957,c,205601.38-062049.7
61180.368185,-21.652,1.725,c,205601.38-062049.7
61183.372961,20.925,0.845,c,205601.38-062049.7
61183.375226,-25.65,73.0,c,205601.38-062049.7
61183.380677,-23.847,13.0,c,205601.38-062049.7
61183.400891,-20.134,0.701,c,205601.38-062049.7
61184.570049,-20.792,0.529,o,205601.38-062049.7
61184.579532,21.745,1.404,o,205601.38-062049.7
61184.583214,20.295,0.425,o,205601.38-062049.7
61184.607363,-21.746,1.458,o,205601.38-062049.7
61185.073621,0.0,20.535,o,205601.38-062049.7
61185.075444,-21.513,2.319,o,205601.38-062049.7
61185.078614,-21.399,2.185,o,205601.38-062049.7
61185.084028,22.449,3.759,o,205601.38-062049.7
61189.301249,20.671,1.703,o,205601.38-062049.7
61189.304461,-23.683,25.333,o,205601.38-062049.7
61189.508779,-21.234,1.778,o,205601.38-062049.7
61189.51152,-20.517,1.061,o,205601.38-062049.7
61189.517001,21.187,1.5,o,205601.38-062049.7
61189.528904,23.42,14.818,o,205601.38-062049.7
61190.268047,19.823,0.599,o,205601.38-062049.7
61190.269861,21.159,1.841,o,205601.38-062049.7
61190.273086,20.883,1.567,o,205601.38-062049.7
61190.279942,-21.496,3.534,o,205601.38-062049.7
61190.534178,-21.224,1.783,o,205601.38-062049.7
61190.540772,21.137,1.56,o,205601.38-062049.7
61190.544446,-20.373,0.735,o,205601.38-062049.7
61190.554825,-20.195,0.502,o,205601.38-062049.7
61191.037742,-20.642,1.453,o,205601.38-062049.7
61191.040907,-21.415,2.618,o,205601.38-062049.7
61191.050525,-21.236,2.483,o,205601.38-062049.7
61191.055966,-23.086,15.375,o,205601.38-062049.7
61198.403654,22.933,9.059,o,205601.38-062049.7
61198.406882,21.311,1.929,o,205601.38-062049.7
61198.413743,20.46,0.886,o,205601.38-062049.7
61198.423811,-22.653,5.35,o,205601.38-062049.7
61198.436319,20.255,0.804,o,205601.38-062049.7
61198.453155,-21.905,4.02,o,205601.38-062049.7
61198.460057,20.144,0.797,o,205601.38-062049.7
61198.462855,20.958,1.71,o,205601.38-062049.7
61198.488933,-20.412,0.868,o,205601.38-062049.7
61202.541699,21.631,1.614,o,205601.38-062049.7
61202.543527,-20.959,0.738,o,205601.38-062049.7
61202.547182,21.974,2.2,o,205601.38-062049.7
61202.552664,-20.106,0.405,o,205601.38-062049.7
61204.292572,19.287,0.9,o,205601.38-062049.7
61204.314614,-19.301,0.433,o,205601.38-062049.7
61204.317774,19.696,1.698,o,205601.38-062049.7
61176.971757,-22.5,2.885,c,090550.30+003948.1
61176.974938,-20.808,0.603,c,090550.30+003948.1
61176.980398,-21.47,1.545,c,090550.30+003948.1
61177.001853,23.295,6.083,c,090550.30+003948.1
61179.971983,22.193,2.212,c,090550.30+003948.1
61179.975154,21.911,1.907,c,090550.30+003948.1
61179.981103,22.113,2.5,c,090550.30+003948.1
61179.993884,-20.928,2.211,c,090550.30+003948.1
61182.983083,19.344,0.377,o,090550.30+003948.1
61182.986267,20.789,1.4,o,090550.30+003948.1
61182.996335,20.148,1.052,o,090550.30+003948.1
61183.076043,-19.891,1.735,o,090550.30+003948.1
61184.726764,-22.461,15.0,o,090550.30+003948.1
61184.72993,22.664,22.583,o,090550.30+003948.1
61184.735344,-20.134,1.595,o,090550.30+003948.1
61184.750351,-18.948,1.466,o,090550.30+003948.1
61188.956717,19.468,0.728,o,090550.30+003948.1
61188.960805,-20.058,0.966,o,090550.30+003948.1
61188.967153,19.76,0.885,o,090550.30+003948.1
61188.979541,20.423,1.179,o,090550.30+003948.1
61190.708576,21.044,1.657,o,090550.30+003948.1
61190.71177,-21.674,3.982,o,090550.30+003948.1
61190.717199,20.828,1.6,o,090550.30+003948.1
61190.736354,-22.39,7.069,o,090550.30+003948.1
61191.963628,-18.969,0.902,o,090550.30+003948.1
61191.966799,-20.593,4.292,o,090550.30+003948.1
61191.972304,-18.691,0.968,o,090550.30+003948.1
61191.994045,19.05,1.181,o,090550.30+003948.1
61194.955141,-18.414,1.454,o,090550.30+003948.1
61194.958801,-19.863,7.095,o,090550.30+003948.1
61194.964276,-17.646,1.637,o,090550.30+003948.1
61194.977052,-19.737,2.556,o,090550.30+003948.1
61196.700699,-20.933,0.968,c,090550.30+003948.1
61196.703866,21.932,2.132,c,090550.30+003948.1
61196.709297,-22.343,2.852,c,090550.30+003948.1
61196.719263,-21.563,1.226,c,090550.30+003948.1
61197.953609,18.419,2.687,o,090550.30+003948.1
61197.957222,17.983,4.123,o,090550.30+003948.1
61197.962649,17.398,1.25,o,090550.30+003948.1
61181.379604,21.974,1.889,o,140655.51+582200.0
61181.382345,21.958,1.957,o,140655.51+582200.0
61181.38878,-20.853,0.705,o,140655.51+582200.0
61181.399304,20.57,0.488,o,140655.51+582200.0
61182.38168,20.524,0.633,o,140655.51+582200.0
61182.38442,-22.34,2.933,o,140655.51+582200.0
61182.390837,23.395,9.636,o,140655.51+582200.0
61182.400923,21.045,1.115,o,140655.51+582200.0
61184.366336,20.984,1.129,o,140655.51+582200.0
61184.369535,-21.029,1.258,o,140655.51+582200.0
61184.375911,-20.922,0.845,o,140655.51+582200.0
61184.387723,20.794,0.814,o,140655.51+582200.0
61185.367943,19.898,0.356,o,140655.51+582200.0
61185.370684,-20.332,0.54,o,140655.51+582200.0
61185.37622,22.049,2.846,o,140655.51+582200.0
61185.41188,20.922,1.055,o,140655.51+582200.0
61187.364389,20.67,0.726,o,140655.51+582200.0
61187.367131,20.323,0.515,o,140655.51+582200.0
61187.372156,-21.002,1.15,o,140655.51+582200.0
61187.383613,-22.158,3.211,o,140655.51+582200.0
61188.366556,-21.444,1.587,o,140655.51+582200.0
61188.3693,20.12,0.592,o,140655.51+582200.0
61188.375759,21.888,3.317,o,140655.51+582200.0
61188.385412,20.346,0.536,o,140655.51+582200.0
61190.36965,-19.628,0.467,o,140655.51+582200.0
61190.372441,20.101,0.866,o,140655.51+582200.0
61190.378434,-20.166,0.937,o,140655.51+582200.0
61190.389375,-21.771,3.946,o,140655.51+582200.0
61191.364346,-20.603,1.481,o,140655.51+582200.0
61191.367092,17.563,0.432,o,140655.51+582200.0
61191.37258,-18.326,6.315,o,140655.51+582200.0
61191.383551,19.59,3.646,o,140655.51+582200.0
61196.356252,22.475,3.0,o,140655.51+582200.0
61196.359108,21.235,0.729,o,140655.51+582200.0
61196.364276,-22.204,2.953,o,140655.51+582200.0
61196.385437,-21.135,0.906,o,140655.51+582200.0
61197.340594,-22.932,3.643,c,140655.51+582200.0
61197.343792,22.061,1.4,c,140655.51+582200.0
61197.350645,-21.464,1.0,c,140655.51+582200.0
61197.36215,20.369,0.333,c,140655.51+582200.0
61200.354039,24.502,15.667,c,140655.51+582200.0
61200.357244,21.045,0.569,c,140655.51+582200.0
61200.363183,22.063,1.567,c,140655.51+582200.0
61200.373696,20.036,1.14,c,140655.51+582200.0
61202.350042,21.106,0.765,o,140655.51+582200.0
61202.357137,21.661,1.442,o,140655.51+582200.0
61202.359929,-21.629,1.203,o,140655.51+582200.0
61202.373839,20.991,0.891,o,140655.51+582200.0
61205.343909,20.935,0.592,c,140655.51+582200.0
61205.346651,-22.617,2.687,c,140655.51+582200.0
61205.353985,-23.24,5.222,c,140655.51+582200.0
61205.364505,23.069,4.3,c,140655.51+582200.0
61206.342922,-23.666,7.571,c,140655.51+582200.0
61206.346139,-21.402,0.93,c,140655.51+582200.0
61206.353042,-22.782,2.75,c,140655.51+582200.0
61177.420529,-17.093,0.003,c,161742.53+322234.4
61177.455904,-17.006,0.003,c,161742.53+322234.4
61177.463216,-17.159,0.01,c,161742.53+322234.4
61177.488484,-17.112,0.013,c,161742.53+322234.4
61181.470818,-17.024,0.012,c,161742.53+322234.4
61182.478957,-17.037,0.016,c,161742.53+322234.4
61182.482455,-17.12,0.008,c,161742.53+322234.4
61182.513152,-16.889,0.005,c,161742.53+322234.4
61182.541314,-16.951,0.014,c,161742.53+322234.4
61183.588394,-17.001,0.014,c,161742.53+322234.4
61183.59257,-16.862,0.004,c,161742.53+322234.4
61183.610841,-17.055,0.024,c,161742.53+322234.4
61183.617302,-17.079,0.063,c,161742.53+322234.4
61186.486316,-17.139,0.022,o,161742.53+322234.4
61186.489132,-16.956,0.013,o,161742.53+322234.4
61186.526424,-16.997,0.004,o,161742.53+322234.4
61186.556142,-16.745,0.003,o,161742.53+322234.4
61187.466697,-16.892,0.025,o,161742.53+322234.4
61187.469877,-16.878,0.022,o,161742.53+322234.4
61187.502525,-16.904,0.024,o,161742.53+322234.4
61187.5308,-17.001,0.024,o,161742.53+322234.4
61188.440678,-16.937,0.027,o,161742.53+322234.4
61188.443859,-16.717,0.017,o,161742.53+322234.4
61188.449636,-16.898,0.024,o,161742.53+322234.4
61188.480839,-17.127,0.025,o,161742.53+322234.4
61189.42868,-16.937,0.028,o,161742.53+322234.4
61189.432178,-16.753,0.017,o,161742.53+322234.4
61189.438101,-16.902,0.027,o,161742.53+322234.4
61189.473332,-17.12,0.036,o,161742.53+322234.4
61192.421148,-17.143,0.033,o,161742.53+322234.4
61192.424614,-17.09,0.034,o,161742.53+322234.4
61192.449503,-17.044,0.025,o,161742.53+322234.4
61192.455712,-17.049,0.033,o,161742.53+322234.4
61192.45729,-16.861,0.027,o,161742.53+322234.4
61192.458911,-16.823,0.025,o,161742.53+322234.4
61192.466447,-17.127,0.03,o,161742.53+322234.4
61195.413245,-16.975,0.021,o,161742.53+322234.4
61195.417538,-16.858,0.018,o,161742.53+322234.4
61195.44926,-17.09,0.028,o,161742.53+322234.4
61195.455614,-17.025,0.027,o,161742.53+322234.4
61199.414721,-17.053,0.008,o,161742.53+322234.4
61199.423456,-16.859,0.004,o,161742.53+322234.4
61199.426436,-16.971,0.004,o,161742.53+322234.4
61199.462043,-16.637,0.007,o,161742.53+322234.4
61200.40861,-16.81,0.008,o,161742.53+322234.4
61200.412305,-16.878,0.02,o,161742.53+322234.4
61200.417859,-16.919,0.013,o,161742.53+322234.4
61200.429243,-17.085,0.018,o,161742.53+322234.4
61204.39153,-17.265,0.003,c,161742.53+322234.4
61204.394763,0.0,0.0,c,161742.53+322234.4
61204.404666,-17.315,0.005,c,161742.53+322234.4
61204.415292,-17.202,0.003,c,161742.53+322234.4
61205.406986,-17.192,0.004,o,161742.53+322234.4
61205.4185,-17.132,0.004,o,161742.53+322234.4
61205.421688,-16.705,0.003,o,161742.53+322234.4
61177.449479,-20.992,0.67,c,153145.14+431933.8
61177.452674,-20.842,0.53,c,153145.14+431933.8
61177.487883,-19.741,0.154,c,153145.14+431933.8
61177.493362,-19.919,0.246,c,153145.14+431933.8
61181.437384,-21.053,0.765,o,153145.14+431933.8
61181.440603,-20.652,0.574,o,153145.14+431933.8
61182.433368,-20.342,0.444,o,153145.14+431933.8
61182.436109,-20.221,0.397,o,153145.14+431933.8
61182.441135,-20.043,0.317,o,153145.14+431933.8
61182.475218,-21.936,2.053,o,153145.14+431933.8
61183.592101,-19.991,0.463,c,153145.14+431933.8
61183.597309,-19.765,0.372,c,153145.14+431933.8
61183.61502,-19.209,0.437,c,153145.14+431933.8
61183.61919,-19.453,1.033,c,153145.14+431933.8
61184.402297,-20.527,0.714,o,153145.14+431933.8
61184.436817,-20.397,0.5,o,153145.14+431933.8
61184.440518,-19.968,0.448,o,153145.14+431933.8
61184.446011,-20.479,0.568,o,153145.14+431933.8
61185.419203,-21.116,0.989,o,153145.14+431933.8
61185.424319,-20.249,0.43,o,153145.14+431933.8
61185.444468,-19.503,0.203,o,153145.14+431933.8
61185.447698,-23.656,10.889,o,153145.14+431933.8
61187.399677,-20.747,0.644,o,153145.14+431933.8
61187.432304,-19.819,0.328,o,153145.14+431933.8
61187.434589,-21.427,1.427,o,153145.14+431933.8
61187.435046,21.261,1.446,o,153145.14+431933.8
61187.437791,-21.212,1.194,o,153145.14+431933.8
61187.440531,-20.875,1.071,o,153145.14+431933.8
61187.442815,-19.83,0.283,o,153145.14+431933.8
61187.478232,-20.461,0.658,o,153145.14+431933.8
61188.395955,-19.979,0.464,o,153145.14+431933.8
61188.399156,-20.335,0.573,o,153145.14+431933.8
61188.404748,-20.235,0.56,o,153145.14+431933.8
61188.438564,-20.76,1.04,o,153145.14+431933.8
61190.399503,-20.87,1.679,o,153145.14+431933.8
61190.40271,-21.265,1.955,o,153145.14+431933.8
61190.408211,-20.203,1.157,o,153145.14+431933.8
61190.415123,-12.326,0.726,o,153145.14+431933.8
61190.419234,-20.118,0.788,o,153145.14+431933.8
61191.389527,-18.574,2.526,o,153145.14+431933.8
61191.392285,-21.585,9.868,o,153145.14+431933.8
61191.398241,-18.572,0.564,o,153145.14+431933.8
61191.408362,17.024,1.139,o,153145.14+431933.8
61196.344463,-20.897,0.712,o,153145.14+431933.8
61196.346274,-20.716,0.539,o,153145.14+431933.8
61196.349467,-20.213,0.302,o,153145.14+431933.8
61196.371824,-20.469,0.468,o,153145.14+431933.8
61197.382824,-20.725,0.393,c,153145.14+431933.8
61197.385569,-20.753,0.407,c,153145.14+431933.8
61197.38831,-20.309,0.267,c,153145.14+431933.8
61197.391516,-21.288,0.738,c,153145.14+431933.8
61200.394272,23.11,11.75,c,153145.14+431933.8
61200.397476,-17.488,0.387,c,153145.14+431933.8
61200.403415,-19.571,0.94,c,153145.14+431933.8
61200.437761,-20.497,1.159,c,153145.14+431933.8
61202.377482,-20.983,0.701,o,153145.14+431933.8
61202.380739,-20.102,0.299,o,153145.14+431933.8
61202.386703,-20.132,0.288,o,153145.14+431933.8
61202.435794,-20.367,0.488,o,153145.14+431933.8
61205.383265,-20.259,0.272,c,153145.14+431933.8
61205.386008,-20.127,0.259,c,153145.14+431933.8
61205.391964,-20.214,0.298,c,153145.14+431933.8
61205.40157,-19.909,0.196,c,153145.14+431933.8
61206.362178,-21.343,0.708,c,153145.14+431933.8
61206.371815,-20.266,0.272,c,153145.14+431933.8
61206.374565,-20.569,0.346,c,153145.14+431933.8
61177.032911,21.789,1.347,c,110104.14+062829.5
61177.036558,-21.069,0.817,c,110104.14+062829.5
61177.046663,21.84,1.5,c,110104.14+062829.5
61177.0535,19.818,0.261,c,110104.14+062829.5
61180.037287,21.701,2.121,c,110104.14+062829.5
61180.042739,20.388,0.366,c,110104.14+062829.5
61180.04596,21.417,0.975,c,110104.14+062829.5
61180.055978,21.4,0.944,c,110104.14+062829.5
61183.005425,-23.303,15.182,o,110104.14+062829.5
61183.009069,20.061,0.782,o,110104.14+062829.5
61183.069684,-24.486,49.5,o,110104.14+062829.5
61183.082505,21.267,1.598,o,110104.14+062829.5
61186.263632,16.499,0.953,o,110104.14+062829.5
61186.272378,-20.665,1.245,o,110104.14+062829.5
61189.043538,20.706,1.852,o,110104.14+062829.5
61189.046706,22.764,12.154,o,110104.14+062829.5
61189.052614,20.177,1.141,o,110104.14+062829.5
61189.063111,19.533,0.656,o,110104.14+062829.5
61190.297959,22.768,7.696,o,110104.14+062829.5
61190.300722,20.824,1.076,o,110104.14+062829.5
61190.307668,21.054,1.513,o,110104.14+062829.5
61190.319621,19.501,0.302,o,110104.14+062829.5
61190.786151,19.735,0.529,o,110104.14+062829.5
61190.789308,19.348,0.374,o,110104.14+062829.5
61190.799012,-19.536,0.512,o,110104.14+062829.5
61190.812187,-19.675,0.489,o,110104.14+062829.5
61192.017395,18.5,1.754,o,110104.14+062829.5
61192.02195,20.007,8.95,o,110104.14+062829.5
61192.030269,17.891,2.191,o,110104.14+062829.5
61192.04025,19.212,6.797,o,110104.14+062829.5
61195.029009,-18.634,0.385,o,110104.14+062829.5
61195.032194,-21.33,3.487,o,110104.14+062829.5
61195.039029,-21.809,5.429,o,110104.14+062829.5
61195.050157,-18.728,0.752,o,110104.14+062829.5
61196.270672,20.913,0.825,o,110104.14+062829.5
61196.273508,21.592,1.455,o,110104.14+062829.5
61196.280453,20.738,0.868,o,110104.14+062829.5
61196.300763,20.714,0.855,o,110104.14+062829.5
61196.781548,20.573,0.482,c,110104.14+062829.5
61196.785171,-21.435,1.667,c,110104.14+062829.5
61196.792729,20.095,0.257,c,110104.14+062829.5
61196.802694,20.688,0.449,c,110104.14+062829.5
61204.0512,19.882,1.441,o,110104.14+062829.5
61204.054397,19.397,1.354,o,110104.14+062829.5
61204.060807,-17.698,0.497,o,110104.14+062829.5
61177.124474,-20.077,0.316,c,133433.24-013825.3
61177.128086,-20.149,0.319,c,133433.24-013825.3
61177.134057,-19.596,0.19,c,133433.24-013825.3
61177.136366,-21.221,0.716,c,133433.24-013825.3
61177.139565,-20.696,0.403,c,133433.24-013825.3
61177.144549,-20.667,0.557,c,133433.24-013825.3
61177.144999,-21.045,0.602,c,133433.24-013825.3
61177.160034,-20.483,0.357,c,133433.24-013825.3
61180.116585,-20.586,0.429,c,133433.24-013825.3
61180.122087,-21.413,3.179,c,133433.24-013825.3
61180.12528,22.64,6.182,c,133433.24-013825.3
61180.136235,-21.711,5.714,c,133433.24-013825.3
61183.135189,-21.665,5.529,o,133433.24-013825.3
61183.143498,22.857,11.818,o,133433.24-013825.3
61183.146681,-18.697,0.369,o,133433.24-013825.3
61183.158755,20.071,0.759,o,133433.24-013825.3
61183.165163,-20.332,0.513,o,133433.24-013825.3
61183.168321,-17.96,0.469,o,133433.24-013825.3
61183.168771,-17.728,0.339,o,133433.24-013825.3
61183.171495,-18.404,0.383,o,133433.24-013825.3
61183.17467,-18.999,0.318,o,133433.24-013825.3
61184.344426,-20.907,0.95,o,133433.24-013825.3
61184.348096,24.355,20.6,o,133433.24-013825.3
61184.35038,20.395,0.567,o,133433.24-013825.3
61184.383294,22.483,4.556,o,133433.24-013825.3
61184.385592,-20.428,0.601,o,133433.24-013825.3
61184.388552,-20.841,0.96,o,133433.24-013825.3
61184.389519,-21.275,1.188,o,133433.24-013825.3
61184.395287,-22.317,3.935,o,133433.24-013825.3
61184.806952,20.707,79.0,o,133433.24-013825.3
61184.807403,-16.077,1.311,o,133433.24-013825.3
61184.808774,16.647,1.395,o,133433.24-013825.3
61184.809224,16.868,1.531,o,133433.24-013825.3
61184.811941,-19.659,7.209,o,133433.24-013825.3
61184.812391,-20.81,32.833,o,133433.24-013825.3
61184.836261,18.555,2.399,o,133433.24-013825.3
61184.836712,-19.42,7.0,o,133433.24-013825.3
61190.356163,-21.062,1.929,o,133433.24-013825.3
61190.358953,-20.768,1.47,o,133433.24-013825.3
61190.364022,19.827,0.604,o,133433.24-013825.3
61190.380307,19.828,0.555,o,133433.24-013825.3
61190.874951,20.318,1.528,o,133433.24-013825.3
61190.878123,-22.109,9.031,o,133433.24-013825.3
61190.883539,19.171,1.127,o,133433.24-013825.3
61190.8991,-22.112,7.436,o,133433.24-013825.3
61192.121081,18.054,1.661,o,133433.24-013825.3
61192.124262,-17.563,1.019,o,133433.24-013825.3
61192.130651,17.783,1.327,o,133433.24-013825.3
61192.141162,16.548,0.954,o,133433.24-013825.3
61195.120059,17.245,0.55,o,133433.24-013825.3
61195.122857,17.592,1.348,o,133433.24-013825.3
61195.12831,-19.063,1.942,o,133433.24-013825.3
61195.13889,-17.831,1.333,o,133433.24-013825.3
61196.351955,-21.874,2.609,o,133433.24-013825.3
61196.354903,-21.968,3.105,o,133433.24-013825.3
61196.357194,-20.578,0.797,o,133433.24-013825.3
61196.361345,-21.161,1.432,o,133433.24-013825.3
61196.37695,20.899,1.158,o,133433.24-013825.3
61196.377426,-22.835,6.083,o,133433.24-013825.3
61196.857135,22.954,5.143,o,133433.24-013825.3
61196.86075,-21.041,1.065,o,133433.24-013825.3
61196.866712,20.952,0.922,o,133433.24-013825.3
61196.867614,22.543,3.56,o,133433.24-013825.3
61196.876651,21.489,1.625,o,133433.24-013825.3
61196.88435,21.799,2.039,o,133433.24-013825.3
61198.216445,-20.12,0.613,o,133433.24-013825.3
61198.2276,22.147,4.412,o,133433.24-013825.3
61198.230802,20.202,0.728,o,133433.24-013825.3
61198.24019,19.829,0.503,o,133433.24-013825.3
61202.291049,-20.351,0.338,c,133433.24-013825.3
61202.294713,-20.93,0.522,c,133433.24-013825.3
61202.300201,-21.324,0.945,c,133433.24-013825.3
61202.311944,-21.0,1.0,c,133433.24-013825.3
61204.12438,-19.043,0.624,o,133433.24-013825.3
61204.129512,-18.336,0.399,o,133433.24-013825.3
61204.1327,-19.633,1.547,o,133433.24-013825.3
61204.14414,-20.705,2.758,o,133433.24-013825.3
61197.122934,-19.141,3.842,o,012715.48-001115.1
61197.126192,-20.648,8.326,o,012715.48-001115.1
61197.13631,-23.333,13.182,o,012715.48-001115.1
61177.383858,20.997,0.573,c,134406.11+392817.4
61177.386642,23.365,4.5,c,134406.11+392817.4
61177.405469,20.075,0.259,c,134406.11+392817.4
61177.41332,23.111,5.667,c,134406.11+392817.4
61181.350518,-20.766,0.592,o,134406.11+392817.4
61181.353881,22.172,1.676,o,134406.11+392817.4
61181.358948,22.398,2.031,o,134406.11+392817.4
61181.36415,20.609,0.408,o,134406.11+392817.4
61181.364927,21.023,0.679,o,134406.11+392817.4
61181.367324,23.031,4.95,o,134406.11+392817.4
61181.373718,21.543,1.092,o,134406.11+392817.4
61181.374568,20.854,0.589,o,134406.11+392817.4
61181.394426,-23.987,10.75,o,134406.11+392817.4
61182.357806,20.891,0.626,o,134406.11+392817.4
61182.363802,24.126,13.667,o,134406.11+392817.4
61182.367481,21.418,1.254,o,134406.11+392817.4
61182.378938,20.222,0.408,o,134406.11+392817.4
61184.364044,21.627,2.047,o,134406.11+392817.4
61184.367242,22.347,3.212,o,134406.11+392817.4
61184.372732,20.28,0.581,o,134406.11+392817.4
61184.383158,20.98,1.016,o,134406.11+392817.4
61185.35505,20.436,0.679,o,134406.11+392817.4
61185.358263,20.851,0.94,o,134406.11+392817.4
61185.364724,22.805,4.455,o,134406.11+392817.4
61185.374363,20.366,0.685,o,134406.11+392817.4
61187.355208,21.532,1.625,o,134406.11+392817.4
61187.360273,20.169,0.516,o,134406.11+392817.4
61187.36576,-21.127,1.057,o,134406.11+392817.4
61187.380844,-20.981,1.121,o,134406.11+392817.4
61188.351217,-21.441,2.098,o,134406.11+392817.4
61188.354388,-21.906,3.426,o,134406.11+392817.4
61188.359838,-20.523,0.834,o,134406.11+392817.4
61188.362867,-23.644,13.429,o,134406.11+392817.4
61188.365631,21.171,1.244,o,134406.11+392817.4
61188.37253,-22.114,3.484,o,134406.11+392817.4
61188.375287,20.037,0.54,o,134406.11+392817.4
61188.383585,20.362,0.563,o,134406.11+392817.4
61189.381291,-20.937,1.303,o,134406.11+392817.4
61189.385116,-20.645,1.17,o,134406.11+392817.4
61189.406217,-22.881,9.1,o,134406.11+392817.4
61189.412845,20.627,1.282,o,134406.11+392817.4
61190.353501,20.279,0.596,o,134406.11+392817.4
61190.356707,20.331,0.66,o,134406.11+392817.4
61190.362797,21.243,1.278,o,134406.11+392817.4
61190.372895,21.88,3.108,o,134406.11+392817.4
61191.348324,22.131,3.865,o,134406.11+392817.4
61191.351068,19.941,0.714,o,134406.11+392817.4
61191.357008,-20.096,0.99,o,134406.11+392817.4
61191.367549,20.295,1.946,o,134406.11+392817.4
61192.338977,20.902,1.293,o,134406.11+392817.4
61192.354476,23.513,13.1,o,134406.11+392817.4
61192.367047,22.849,6.875,o,134406.11+392817.4
61192.370424,-21.317,1.623,o,134406.11+392817.4
61195.36066,21.304,1.125,o,134406.11+392817.4
61195.362488,20.833,0.971,o,134406.11+392817.4
61195.363856,-20.287,0.481,o,134406.11+392817.4
61195.365701,22.286,3.5,o,134406.11+392817.4
61195.372518,20.668,0.762,o,134406.11+392817.4
61195.372972,20.677,0.812,o,134406.11+392817.4
61195.388586,21.837,2.512,o,134406.11+392817.4
61195.389974,20.148,0.515,o,134406.11+392817.4
61196.481783,20.728,1.269,o,134406.11+392817.4
61196.485761,19.907,0.591,o,134406.11+392817.4
61196.49238,20.054,0.716,o,134406.11+392817.4
61197.329623,18.452,0.057,c,134406.11+392817.4
61197.332826,20.768,0.447,c,134406.11+392817.4
61197.338309,20.333,0.286,c,134406.11+392817.4
61197.348359,20.791,0.453,c,134406.11+392817.4
61200.336182,20.949,0.836,c,134406.11+392817.4
61200.339381,21.215,0.782,c,134406.11+392817.4
61200.344875,21.403,0.822,c,134406.11+392817.4
61200.355409,23.374,5.375,c,134406.11+392817.4
61202.326739,20.426,0.454,o,134406.11+392817.4
61202.330379,21.391,1.112,o,134406.11+392817.4
61202.34038,22.549,2.516,o,134406.11+392817.4
61202.345861,20.368,0.41,o,134406.11+392817.4
61204.325605,21.72,1.132,c,134406.11+392817.4
61204.328803,20.476,0.366,c,134406.11+392817.4
61204.352475,-20.429,0.307,c,134406.11+392817.4
61204.365952,20.546,0.41,c,134406.11+392817.4
61205.342538,21.621,1.163,c,134406.11+392817.4
61205.34528,20.699,0.471,c,134406.11+392817.4
61205.351233,21.025,0.649,c,134406.11+392817.4
61205.365885,22.092,1.75,c,134406.11+392817.4
61205.368194,15.774,0.368,o,134406.11+392817.4
61205.371411,21.652,2.726,o,134406.11+392817.4
61205.387166,19.942,0.431,o,134406.11+392817.4
61206.317247,22.716,2.941,c,134406.11+392817.4
61206.319988,21.057,0.582,c,134406.11+392817.4
61206.325934,21.176,0.722,c,134406.11+392817.4
61206.336055,21.149,0.716,c,134406.11+392817.4
61177.069123,21.388,0.915,c,121028.83+025454.2
61177.080282,21.316,0.904,c,121028.83+025454.2
61177.085778,21.599,1.091,c,121028.83+025454.2
61177.088968,22.16,2.281,c,121028.83+025454.2
61180.078386,20.977,0.58,c,121028.83+025454.2
61180.081552,-23.056,3.9,c,121028.83+025454.2
61180.087464,-22.597,2.379,c,121028.83+025454.2
61180.099292,21.299,1.041,c,121028.83+025454.2
61183.109919,-22.918,14.25,o,121028.83+025454.2
61183.113571,18.735,3.344,o,121028.83+025454.2
61183.126041,18.277,2.118,o,121028.83+025454.2
61183.138938,20.086,1.728,o,121028.83+025454.2
61184.271535,-22.368,5.25,o,121028.83+025454.2
61184.274804,-20.607,0.872,o,121028.83+025454.2
61184.284306,-21.16,1.657,o,121028.83+025454.2
61184.294222,-21.531,2.667,o,121028.83+025454.2
61189.078111,21.439,3.063,o,121028.83+025454.2
61189.081287,20.65,1.16,o,121028.83+025454.2
61189.087659,22.31,5.241,o,121028.83+025454.2
61189.097784,20.29,0.773,o,121028.83+025454.2
61190.327457,-20.471,0.966,o,121028.83+025454.2
61190.330251,20.363,0.837,o,121028.83+025454.2
61190.336736,19.579,0.436,o,121028.83+025454.2
61190.347899,19.659,0.419,o,121028.83+025454.2
61190.816702,20.068,0.89,o,121028.83+025454.2
61190.820312,20.628,1.667,o,121028.83+025454.2
61190.829017,-20.452,1.209,o,121028.83+025454.2
61190.840352,-20.76,2.18,o,121028.83+025454.2
61192.065478,17.533,1.374,o,121028.83+025454.2
61192.075546,17.514,1.206,o,121028.83+025454.2
61192.078732,-17.907,3.356,o,121028.83+025454.2
61192.087542,-17.58,2.86,o,121028.83+025454.2
61195.073878,19.294,1.301,o,121028.83+025454.2
61195.077085,-18.825,1.239,o,121028.83+025454.2
61195.086272,-22.606,75.333,o,121028.83+025454.2
61195.100858,-19.987,3.776,o,121028.83+025454.2
61196.291536,22.419,4.667,o,121028.83+025454.2
61196.294781,21.207,1.156,o,121028.83+025454.2
61196.307696,-20.562,0.54,o,121028.83+025454.2
61196.319318,-20.724,0.659,o,121028.83+025454.2
61196.814481,23.7,6.5,c,121028.83+025454.2
61196.817634,22.035,1.514,c,121028.83+025454.2
61196.823981,22.258,1.897,c,121028.83+025454.2
61196.833995,-20.727,0.561,c,121028.83+025454.2
61202.254179,24.07,21.667,c,121028.83+025454.2
61202.26103,-22.057,4.5,c,121028.83+025454.2
61202.264847,19.128,0.478,c,121028.83+025454.2
61202.279135,19.371,0.853,c,121028.83+025454.2
61204.083982,-18.993,1.278,o,121028.83+025454.2
61204.087221,-20.251,2.698,o,121028.83+025454.2
61204.09732,-19.22,0.976,o,121028.83+025454.2
61177.396195,-20.345,0.409,c,143947.10+421317.3
61177.399813,-19.945,0.226,c,143947.10+421317.3
61177.406441,-20.347,0.384,c,143947.10+421317.3
61177.418079,-19.712,0.176,c,143947.10+421317.3
61181.380974,-22.072,2.049,o,143947.10+421317.3
61181.38465,-20.631,0.518,o,143947.10+421317.3
61181.389705,21.39,1.253,o,143947.10+421317.3
61181.400685,-21.831,1.259,o,143947.10+421317.3
61182.387176,-21.687,1.586,o,143947.10+421317.3
61182.39221,-20.031,0.331,o,143947.10+421317.3
61182.394953,-21.063,0.75,o,143947.10+421317.3
61182.43017,-20.655,0.553,o,143947.10+421317.3
61183.571608,-20.559,0.926,c,143947.10+421317.3
61183.575817,-19.757,0.465,c,143947.10+421317.3
61183.581384,20.695,1.279,c,143947.10+421317.3
61183.596331,19.878,0.811,c,143947.10+421317.3
61184.390438,-19.865,0.444,o,143947.10+421317.3
61184.393619,-20.346,0.5,o,143947.10+421317.3
61184.399542,-20.621,0.57,o,143947.10+421317.3
61184.43453,-21.483,1.699,o,143947.10+421317.3
61185.380791,21.535,1.812,o,143947.10+421317.3
61185.383558,-20.583,0.753,o,143947.10+421317.3
61185.415534,-21.432,1.114,o,143947.10+421317.3
61185.422915,-21.49,1.603,o,143947.10+421317.3
61187.373983,-21.226,1.26,o,143947.10+421317.3
61187.379017,-21.714,1.717,o,143947.10+421317.3
61187.382696,-20.544,0.565,o,143947.10+421317.3
61187.395502,-19.625,0.305,o,143947.10+421317.3
61188.36747,21.374,1.797,o,143947.10+421317.3
61188.37116,-20.861,1.066,o,143947.10+421317.3
61188.37713,-21.172,1.379,o,143947.10+421317.3
61188.390923,-20.344,0.706,o,143947.10+421317.3
61189.389699,-20.017,0.67,o,143947.10+421317.3
61189.393771,22.017,3.74,o,143947.10+421317.3
61189.40014,-19.876,0.45,o,143947.10+421317.3
61189.412391,-19.367,0.32,o,143947.10+421317.3
61190.380724,-20.566,1.244,o,143947.10+421317.3
61190.383912,-20.156,0.929,o,143947.10+421317.3
61190.389826,-21.04,1.708,o,143947.10+421317.3
61190.399972,-21.464,1.876,o,143947.10+421317.3
61191.375324,-19.491,10.565,o,143947.10+421317.3
61191.378979,18.993,1.487,o,143947.10+421317.3
61191.384922,-19.195,0.892,o,143947.10+421317.3
61191.394572,18.899,1.088,o,143947.10+421317.3
61196.488929,-21.161,1.344,o,143947.10+421317.3
61196.492855,20.365,0.678,o,143947.10+421317.3
61196.525119,20.93,1.457,o,143947.10+421317.3
61196.553374,20.402,1.429,o,143947.10+421317.3
61197.354331,-20.531,0.399,c,143947.10+421317.3
61197.358017,-20.987,0.505,c,143947.10+421317.3
61197.364908,-20.398,0.288,c,143947.10+421317.3
61197.379161,-20.621,0.364,c,143947.10+421317.3
61200.356787,-20.335,0.307,c,143947.10+421317.3
61200.359985,-20.489,0.345,c,143947.10+421317.3
61200.365467,-20.282,0.309,c,143947.10+421317.3
61200.377349,-20.237,0.96,c,143947.10+421317.3
61202.362198,-22.415,2.667,o,143947.10+421317.3
61202.36542,-20.301,0.409,o,143947.10+421317.3
61202.372925,-20.918,0.81,o,143947.10+421317.3
61202.38301,23.335,7.083,o,143947.10+421317.3
61205.359478,21.949,1.343,c,143947.10+421317.3
61205.362219,-20.677,0.408,c,143947.10+421317.3
61205.367714,-20.716,0.456,c,143947.10+421317.3
61205.377776,-20.607,0.415,c,143947.10+421317.3
61206.343379,-20.093,0.222,c,143947.10+421317.3
61206.346596,-20.826,0.437,c,143947.10+421317.3
61206.35624,-19.925,0.185,c,143947.10+421317.3
61181.262089,20.531,0.5,o,094203.33+593709.5
61181.269413,20.66,0.595,o,094203.33+593709.5
61181.272164,20.695,0.669,o,094203.33+593709.5
61181.281775,21.81,1.976,o,094203.33+593709.5
61182.268441,20.175,0.491,o,094203.33+593709.5
61182.271184,20.747,0.822,o,094203.33+593709.5
61182.282196,-21.354,1.348,o,094203.33+593709.5
61182.287702,-22.559,4.318,o,094203.33+593709.5
61184.260264,-22.138,3.683,o,094203.33+593709.5
61184.263462,22.766,5.833,o,094203.33+593709.5
61184.268968,-21.416,1.824,o,094203.33+593709.5
61184.280001,21.151,1.51,o,094203.33+593709.5
61185.248713,-22.403,4.452,o,094203.33+593709.5
61185.253865,20.016,0.464,o,094203.33+593709.5
61185.257113,-23.419,11.182,o,094203.33+593709.5
61185.272273,21.595,1.8,o,094203.33+593709.5
61187.269049,20.73,0.936,o,094203.33+593709.5
61187.271798,-20.348,0.621,o,094203.33+593709.5
61187.276868,-21.701,2.184,o,094203.33+593709.5
61187.287374,20.771,0.925,o,094203.33+593709.5
61188.248676,21.199,1.705,o,094203.33+593709.5
61188.253768,21.268,1.473,o,094203.33+593709.5
61188.25651,21.217,1.49,o,094203.33+593709.5
61188.26618,-21.247,1.582,o,094203.33+593709.5
61190.248884,20.716,1.711,o,094203.33+593709.5
61190.25213,-20.973,1.831,o,094203.33+593709.5
61190.258618,20.757,1.556,o,094203.33+593709.5
61190.268382,-22.233,5.474,o,094203.33+593709.5
61191.250612,20.07,4.939,o,094203.33+593709.5
61191.253358,17.95,1.832,o,094203.33+593709.5
61191.260697,19.557,1.35,o,094203.33+593709.5
61191.27313,19.929,0.808,o,094203.33+593709.5
61200.25364,21.17,1.283,c,094203.33+593709.5
61200.256865,21.387,1.426,c,094203.33+593709.5
61200.262379,20.989,0.779,c,094203.33+593709.5
61200.272021,-20.519,0.5,c,094203.33+593709.5
61177.3365,-20.861,0.64,c,220546.32+005319.2
61177.35855,-21.512,0.939,c,220546.32+005319.2
61177.365368,-20.969,0.555,c,220546.32+005319.2
61177.375131,-20.646,0.486,c,220546.32+005319.2
61180.382325,-21.035,1.81,c,220546.32+005319.2
61180.385509,20.708,1.732,c,220546.32+005319.2
61180.392385,16.296,1.006,c,220546.32+005319.2
61180.397886,15.12,0.763,c,220546.32+005319.2
61180.49476,21.724,2.514,c,220546.32+005319.2
61180.518798,22.421,4.286,c,220546.32+005319.2
61180.53697,-21.482,1.453,c,220546.32+005319.2
61180.547891,-21.378,1.517,c,220546.32+005319.2
61183.406348,-19.773,0.348,c,220546.32+005319.2
61183.409541,-19.344,0.255,c,220546.32+005319.2
61183.429649,-20.12,1.09,c,220546.32+005319.2
61183.432862,-19.326,0.506,c,220546.32+005319.2
61184.59301,-21.154,0.902,o,220546.32+005319.2
61184.596685,-19.818,0.323,o,220546.32+005319.2
61184.605952,-19.807,0.245,o,220546.32+005319.2
61184.613303,-19.509,0.203,o,220546.32+005319.2
61185.113598,-21.681,2.104,o,220546.32+005319.2
61185.115403,-19.755,0.361,o,220546.32+005319.2
61185.118562,-19.893,0.405,o,220546.32+005319.2
61185.142872,-21.267,1.985,o,220546.32+005319.2
61190.569758,-20.094,0.792,o,220546.32+005319.2
61190.582081,-19.611,0.385,o,220546.32+005319.2
61190.59133,-19.264,0.298,o,220546.32+005319.2
61190.600649,-20.542,0.795,o,220546.32+005319.2
61191.087912,-19.61,0.576,o,220546.32+005319.2
61191.089713,-18.966,0.373,o,220546.32+005319.2
61191.093336,-20.663,1.522,o,220546.32+005319.2
61191.0992,-20.077,0.708,o,220546.32+005319.2
61195.276465,-14.652,0.504,o,220546.32+005319.2
61195.278735,-13.585,0.598,o,220546.32+005319.2
61195.281912,-14.033,0.634,o,220546.32+005319.2
61195.291941,-15.964,0.929,o,220546.32+005319.2
61196.532187,-20.679,1.041,o,220546.32+005319.2
61196.535414,-20.639,1.261,o,220546.32+005319.2
61196.5415,-19.943,0.533,o,220546.32+005319.2
61196.56549,-21.537,2.772,o,220546.32+005319.2
61202.572832,-18.365,5.853,o,220546.32+005319.2
61202.577519,15.15,0.464,o,220546.32+005319.2
61202.583475,19.698,11.818,o,220546.32+005319.2
61202.601443,-18.516,1.756,o,220546.32+005319.2
61204.36573,-20.822,3.286,o,220546.32+005319.2
61204.368888,-19.043,0.58,o,220546.32+005319.2
61204.381879,-17.924,0.657,o,220546.32+005319.2
61177.066409,22.277,1.914,c,113618.90+125554.8
61177.069578,22.052,1.595,c,113618.90+125554.8
61177.075502,20.512,0.367,c,113618.90+125554.8
61177.085328,21.751,1.308,c,113618.90+125554.8
61180.049591,20.739,0.476,c,113618.90+125554.8
61180.052771,21.615,1.041,c,113618.90+125554.8
61180.05962,-23.218,6.917,c,113618.90+125554.8
61180.07154,21.273,0.776,c,113618.90+125554.8
61181.304707,-21.988,1.712,o,113618.90+125554.8
61181.30798,-22.259,1.927,o,113618.90+125554.8
61181.314413,20.922,0.764,o,113618.90+125554.8
61181.334355,20.783,0.697,o,113618.90+125554.8
61182.318804,21.943,2.0,o,113618.90+125554.8
61182.321989,20.183,0.517,o,113618.90+125554.8
61182.34557,20.908,1.175,o,113618.90+125554.8
61182.364855,-20.197,0.702,o,113618.90+125554.8
61183.083857,20.855,1.076,o,113618.90+125554.8
61183.08702,-21.103,1.231,o,113618.90+125554.8
61183.095199,20.67,0.9,o,113618.90+125554.8
61183.108106,19.882,1.67,o,113618.90+125554.8
61186.298212,21.026,1.368,o,113618.90+125554.8
61186.301421,22.858,8.0,o,113618.90+125554.8
61186.310752,20.938,1.763,o,113618.90+125554.8
61186.329061,22.224,4.795,o,113618.90+125554.8
61187.31176,21.233,1.823,o,113618.90+125554.8
61187.314929,20.229,0.607,o,113618.90+125554.8
61187.320379,20.378,0.715,o,113618.90+125554.8
61187.342933,-20.214,0.854,o,113618.90+125554.8
61189.065864,-20.616,1.125,o,113618.90+125554.8
61189.069026,24.287,36.8,o,113618.90+125554.8
61189.075405,19.769,0.55,o,113618.90+125554.8
61189.093693,19.823,0.68,o,113618.90+125554.8
61190.310902,22.99,8.944,o,113618.90+125554.8
61190.315959,19.634,0.377,o,113618.90+125554.8
61190.319163,-20.748,1.097,o,113618.90+125554.8
61190.344674,20.468,0.958,o,113618.90+125554.8
61190.813989,23.508,25.889,o,113618.90+125554.8
61190.817153,-22.051,7.069,o,113618.90+125554.8
61190.827665,22.684,10.5,o,113618.90+125554.8
61190.833552,19.02,0.417,o,113618.90+125554.8
61192.032984,-17.995,1.529,o,113618.90+125554.8
61192.03616,-18.183,2.498,o,113618.90+125554.8
61192.043444,22.615,190.0,o,113618.90+125554.8
61192.05497,-16.266,1.233,o,113618.90+125554.8
61195.051512,-19.152,1.047,o,113618.90+125554.8
61195.055137,-19.509,1.744,o,113618.90+125554.8
61195.062425,-18.308,1.034,o,113618.90+125554.8
61195.072966,-18.018,0.737,o,113618.90+125554.8
61196.282297,-20.95,0.701,o,113618.90+125554.8
61196.285574,-20.967,0.758,o,113618.90+125554.8
61196.30358,20.325,0.512,o,113618.90+125554.8
61196.312382,19.979,0.427,o,113618.90+125554.8
61196.787876,22.652,4.529,c,113618.90+125554.8
61196.791052,23.635,8.375,c,113618.90+125554.8
61196.797273,-23.298,8.5,c,113618.90+125554.8
61196.80949,20.731,0.588,c,113618.90+125554.8
61200.266757,17.813,0.983,o,113618.90+125554.8
61200.276146,20.31,0.58,o,113618.90+125554.8
61202.251438,-21.495,2.759,c,113618.90+125554.8
61202.257832,-21.195,1.649,c,113618.90+125554.8
61202.261579,22.999,8.0,c,113618.90+125554.8
61202.277723,-19.131,0.857,c,113618.90+125554.8
61204.078086,-17.706,1.839,o,113618.90+125554.8
61204.081277,-17.319,0.481,o,113618.90+125554.8
61204.08676,20.694,7.833,o,113618.90+125554.8
61204.096852,-19.498,1.535,o,113618.90+125554.8
61182.95031,-18.906,0.531,o,075947.73+112507.3
61182.953482,-20.582,1.701,o,075947.73+112507.3
61182.958913,-20.307,0.89,o,075947.73+112507.3
61182.969378,-19.669,1.434,o,075947.73+112507.3
61184.695891,-19.017,0.363,o,075947.73+112507.3
61184.699084,19.366,0.614,o,075947.73+112507.3
61184.709972,16.683,1.123,o,075947.73+112507.3
61184.717212,21.54,7.515,o,075947.73+112507.3
61188.949034,19.254,0.98,o,075947.73+112507.3
61188.952206,-19.987,1.246,o,075947.73+112507.3
61188.95988,-20.796,1.907,o,075947.73+112507.3
61188.974028,-19.962,0.861,o,075947.73+112507.3
61190.695035,-20.86,4.444,o,075947.73+112507.3
61190.698189,-19.018,0.503,o,075947.73+112507.3
61190.703599,20.931,2.305,o,075947.73+112507.3
61190.724948,-19.353,0.526,o,075947.73+112507.3
61191.948664,-18.208,1.213,o,075947.73+112507.3
61191.951835,-17.482,0.643,o,075947.73+112507.3
61191.961809,19.889,5.246,o,075947.73+112507.3
61181.353405,18.995,0.122,o,132404.20+433407.1
61181.358473,19.457,0.179,o,132404.20+433407.1
61181.361714,19.568,0.194,o,132404.20+433407.1
61181.37182,19.257,0.142,o,132404.20+433407.1
61182.354568,19.68,0.262,o,132404.20+433407.1
61182.357327,19.5,0.239,o,132404.20+433407.1
61182.364259,19.311,0.171,o,132404.20+433407.1
61182.374341,19.13,0.159,o,132404.20+433407.1
61184.351725,19.619,0.323,o,132404.20+433407.1
61184.354915,19.494,0.241,o,132404.20+433407.1
61184.360859,19.19,0.182,o,132404.20+433407.1
61184.3709,19.249,0.212,o,132404.20+433407.1
61185.342653,19.544,0.26,o,132404.20+433407.1
61185.345416,19.748,0.31,o,132404.20+433407.1
61185.351822,20.297,0.612,o,132404.20+433407.1
61185.362878,19.733,0.35,o,132404.20+433407.1
61187.351998,19.523,0.284,o,132404.20+433407.1
61187.354742,19.691,0.306,o,132404.20+433407.1
61187.36073,19.86,0.435,o,132404.20+433407.1
61187.370786,19.665,0.315,o,132404.20+433407.1
61188.339522,19.351,0.255,o,132404.20+433407.1
61188.342277,19.527,0.329,o,132404.20+433407.1
61188.347763,19.172,0.205,o,132404.20+433407.1
61188.360584,19.785,0.425,o,132404.20+433407.1
61189.362058,19.551,0.34,o,132404.20+433407.1
61189.36526,18.941,0.221,o,132404.20+433407.1
61189.38084,19.655,0.49,o,132404.20+433407.1
61189.386488,19.034,0.231,o,132404.20+433407.1
61190.348038,19.641,0.354,o,132404.20+433407.1
61190.351685,19.495,0.383,o,132404.20+433407.1
61190.357613,18.942,0.235,o,132404.20+433407.1
61190.36781,19.31,0.266,o,132404.20+433407.1
61191.347857,18.912,0.209,o,132404.20+433407.1
61191.350611,19.038,0.364,o,132404.20+433407.1
61191.355639,18.565,0.46,o,132404.20+433407.1
61191.36526,22.144,19.619,o,132404.20+433407.1
61196.39508,19.83,0.351,o,132404.20+433407.1
61196.419753,20.38,0.44,o,132404.20+433407.1
61196.42295,19.501,0.249,o,132404.20+433407.1
61196.42899,19.304,0.206,o,132404.20+433407.1
61197.32734,19.214,0.099,c,132404.20+433407.1
61197.33008,19.216,0.095,c,132404.20+433407.1
61197.335111,19.847,0.205,c,132404.20+433407.1
61197.344704,19.239,0.111,c,132404.20+433407.1
61200.336182,19.627,0.19,c,132404.20+433407.1
61200.339381,19.196,0.138,c,132404.20+433407.1
61200.344875,19.445,0.172,c,132404.20+433407.1
61200.355409,19.521,0.169,c,132404.20+433407.1
61202.319433,19.169,0.129,o,132404.20+433407.1
61202.323557,19.603,0.231,o,132404.20+433407.1
61202.329927,19.477,0.194,o,132404.20+433407.1
61202.343113,19.39,0.154,o,132404.20+433407.1
61205.32791,19.359,0.144,c,132404.20+433407.1
61205.33065,19.583,0.178,c,132404.20+433407.1
61205.336592,19.638,0.181,c,132404.20+433407.1
61205.35032,19.488,0.143,c,132404.20+433407.1
61206.305766,19.552,0.162,c,132404.20+433407.1
61206.308511,19.39,0.133,c,132404.20+433407.1
61206.314963,19.275,0.12,c,132404.20+433407.1
61206.324559,19.316,0.127,c,132404.20+433407.1
61181.241305,19.844,0.749,o,084245.18+445533.9
61181.246413,20.874,0.983,o,084245.18+445533.9
61181.252413,20.858,0.957,o,084245.18+445533.9
61181.264844,20.531,0.62,o,084245.18+445533.9
61182.242086,20.748,1.902,o,084245.18+445533.9
61182.247206,20.781,1.008,o,084245.18+445533.9
61182.250908,23.471,10.545,o,084245.18+445533.9
61182.261562,21.176,1.374,o,084245.18+445533.9
61187.242412,-19.516,0.725,o,084245.18+445533.9
61187.24748,-21.956,3.457,o,084245.18+445533.9
61187.250681,20.996,1.441,o,084245.18+445533.9
61187.260322,22.044,3.262,o,084245.18+445533.9
61181.389248,21.675,1.262,o,143418.47+491236.5
61181.39199,23.182,5.077,o,143418.47+491236.5
61181.39702,-21.599,1.141,o,143418.47+491236.5
61181.432799,-21.094,0.745,o,143418.47+491236.5
61182.370677,-24.019,13.667,o,143418.47+491236.5
61182.373884,-21.76,2.042,o,143418.47+491236.5
61182.379852,-20.624,0.635,o,143418.47+491236.5
61182.393125,-21.911,2.023,o,143418.47+491236.5
61184.389533,-21.831,2.175,o,143418.47+491236.5
61184.392716,20.994,1.174,o,143418.47+491236.5
61184.398186,-20.832,0.942,o,143418.47+491236.5
61184.433623,-19.813,0.362,o,143418.47+491236.5
61185.371155,-21.332,1.407,o,143418.47+491236.5
61185.374835,20.271,0.479,o,143418.47+491236.5
61185.379878,-20.806,0.859,o,143418.47+491236.5
61185.413706,-20.728,0.886,o,143418.47+491236.5
61187.369873,-25.273,54.5,o,143418.47+491236.5
61187.372612,-20.506,0.587,o,143418.47+491236.5
61187.379474,20.787,0.813,o,143418.47+491236.5
61187.389553,19.893,0.394,o,143418.47+491236.5
61188.368841,21.608,2.172,o,143418.47+491236.5
61188.372073,20.33,0.601,o,143418.47+491236.5
61188.378522,21.107,1.349,o,143418.47+491236.5
61188.393214,-23.196,9.214,o,143418.47+491236.5
61190.381628,-19.968,0.713,o,143418.47+491236.5
61190.384816,-26.261,203.0,o,143418.47+491236.5
61190.39073,-20.962,1.858,o,143418.47+491236.5
61190.400876,-20.153,0.735,o,143418.47+491236.5
61191.374867,18.188,4.183,o,143418.47+491236.5
61191.378522,-17.447,0.468,o,143418.47+491236.5
61191.384465,-19.855,1.42,o,143418.47+491236.5
61191.394115,17.972,0.79,o,143418.47+491236.5
61196.488476,20.629,1.086,o,143418.47+491236.5
61196.491918,22.423,4.379,o,143418.47+491236.5
61196.524667,-20.621,1.218,o,143418.47+491236.5
61196.552921,21.904,5.185,o,143418.47+491236.5
61197.353417,-22.141,1.677,c,143418.47+491236.5
61197.356636,-21.926,1.378,c,143418.47+491236.5
61197.363538,-21.964,1.222,c,143418.47+491236.5
61197.374565,22.284,1.889,c,143418.47+491236.5
61200.359528,-22.768,3.462,c,143418.47+491236.5
61200.362726,-22.007,1.467,c,143418.47+491236.5
61200.368208,-22.062,1.393,c,143418.47+491236.5
61200.379176,22.016,5.6,c,143418.47+491236.5
61202.360843,-21.81,1.318,o,143418.47+491236.5
61202.364065,-21.355,1.0,o,143418.47+491236.5
61202.37111,20.747,0.53,o,143418.47+491236.5
61202.382558,22.981,3.818,o,143418.47+491236.5
61205.348477,21.438,0.938,c,143418.47+491236.5
61205.353528,23.624,7.0,c,143418.47+491236.5
61205.357193,21.214,0.679,c,143418.47+491236.5
61205.367257,21.983,1.692,c,143418.47+491236.5
61206.332372,22.937,3.143,c,143418.47+491236.5
61206.335138,22.788,2.875,c,143418.47+491236.5
61206.341551,23.104,3.5,c,143418.47+491236.5
61206.354413,21.041,0.603,c,143418.47+491236.5
61177.295071,19.944,0.264,c,095746.83+303024.2
61177.298298,19.535,0.251,c,095746.83+303024.2
61177.304291,21.512,1.368,c,095746.83+303024.2
61177.314359,19.738,0.256,c,095746.83+303024.2
61181.26502,19.607,0.35,o,095746.83+303024.2
61181.26828,19.444,0.225,o,095746.83+303024.2
61181.273794,19.89,0.319,o,095746.83+303024.2
61181.288927,19.083,0.144,o,095746.83+303024.2
61182.265785,19.308,0.372,o,095746.83+303024.2
61182.269108,20.501,1.051,o,095746.83+303024.2
61182.274652,19.006,0.326,o,095746.83+303024.2
61182.28532,22.141,5.0,o,095746.83+303024.2
61186.295771,19.555,0.274,o,095746.83+303024.2
61186.298969,19.699,0.393,o,095746.83+303024.2
61186.307317,20.046,0.554,o,095746.83+303024.2
61186.320058,19.403,0.306,o,095746.83+303024.2
61187.276504,19.731,0.465,o,095746.83+303024.2
61187.279687,19.908,0.613,o,095746.83+303024.2
61187.286108,19.191,0.253,o,095746.83+303024.2
61187.296146,-23.176,10.125,o,095746.83+303024.2
61188.282048,19.282,0.302,o,095746.83+303024.2
61188.285312,-21.015,1.892,o,095746.83+303024.2
61188.290446,19.972,0.656,o,095746.83+303024.2
61188.300521,20.26,0.825,o,095746.83+303024.2
61189.279139,20.541,1.179,o,095746.83+303024.2
61189.282346,19.726,0.648,o,095746.83+303024.2
61189.289693,20.813,1.669,o,095746.83+303024.2
61189.300715,20.284,1.13,o,095746.83+303024.2
61192.252098,-20.186,2.107,o,095746.83+303024.2
61192.255778,-20.775,4.303,o,095746.83+303024.2
61192.261028,19.144,0.352,o,095746.83+303024.2
61192.279975,20.738,1.18,o,095746.83+303024.2
61195.279995,20.206,0.554,o,095746.83+303024.2
61195.283227,20.146,0.508,o,095746.83+303024.2
61195.28875,20.675,0.752,o,095746.83+303024.2
61195.299698,19.183,0.253,o,095746.83+303024.2
61199.257728,20.676,1.03,o,095746.83+303024.2
61199.261408,-21.972,2.852,o,095746.83+303024.2
61199.278103,19.813,0.37,o,095746.83+303024.2
61200.282241,21.308,1.091,o,095746.83+303024.2
61200.285076,19.728,0.306,o,095746.83+303024.2
61200.291632,20.921,0.978,o,095746.83+303024.2
61200.301492,19.926,0.463,o,095746.83+303024.2
61201.26692,19.597,0.324,o,095746.83+303024.2
61201.270103,20.705,2.444,o,095746.83+303024.2
61204.281258,20.224,0.411,c,095746.83+303024.2
61204.284939,20.033,0.354,c,095746.83+303024.2
61204.290925,20.404,0.527,c,095746.83+303024.2
61204.301461,20.464,0.5,c,095746.83+303024.2
61206.305438,19.84,0.449,o,095746.83+303024.2
61206.309068,20.387,0.883,o,095746.83+303024.2
61206.315916,19.061,0.271,o,095746.83+303024.2
